City_ID,City,Country,Max Temp,Current Description,Lat,Lng,Hotel Name
2,Bozoum,CF,68.45,overcast clouds,6.3193,16.3799,
5,Kapaa,US,82.11,overcast clouds,22.0752,-159.319,Sheraton Kauai Coconut Beach Resort
6,Vaini,TO,76.08,overcast clouds,-21.2,-175.2,Keleti Beach Resort
7,La Ronge,CA,66.76,broken clouds,55.1001,-105.2842,Northland Motor Hotel
10,Torquay,GB,65.93,clear sky,50.4638,-3.5143,The Grand Hotel
11,Omboue,GA,73.08,clear sky,-1.5746,9.2618,Hotel Olako
13,Hilo,US,83.12,few clouds,19.7297,-155.09,Hilo Hawaiian Hotel
16,Sao Joao Da Barra,BR,67.86,clear sky,-21.6403,-41.0511,Pousada Porto De Canoas
18,Chapais,CA,72.05,overcast clouds,49.7834,-74.8492,H√¥tel Op√©miska
19,Wajir,KE,78.51,overcast clouds,1.7471,40.0573,Mahatallah Hotel
23,The Valley,AI,85.82,overcast clouds,18.217,-63.0578,CeBlue Villas & Beach Resort
24,Kirakira,SB,81.09,few clouds,-10.4544,161.9205,SanBiz Lodge
26,Puerto Ayora,EC,72.55,overcast clouds,-0.7393,-90.3518,Finch Bay Galapagos Hotel
27,Vila,PT,72.48,clear sky,42.0304,-8.1588,Hotel Castrum Villae by Walk Hotels
31,Roma,US,80.82,few clouds,43.2128,-75.4557,Wingate By Wyndham Rome
32,Ixtapa,MX,86.23,overcast clouds,20.7,-105.2,hotel la terminal
34,Rikitea,PF,72.1,light rain,-23.1203,-134.9692,People ThankYou
35,Puerto Del Rosario,ES,74.95,few clouds,28.5004,-13.8627,Hotel JM Puerto del Rosario
36,Bengkulu,ID,75.18,overcast clouds,-3.8004,102.2655,Grage Hotel Bengkulu
40,Butaritari,KI,81.37,scattered clouds,3.0707,172.7902,Isles Sunset Lodge
41,Carnarvon,AU,68.9,overcast clouds,-24.8667,113.6333,Hospitality Carnarvon
42,Aragarcas,BR,85.14,clear sky,-15.8975,-52.2508,Pousada Tropical
43,Dabakala,CI,73.6,light rain,8.3667,-4.4333,Hotel Residence les villages de Dabakala
44,Katsuura,JP,80.67,overcast clouds,35.1333,140.3,Katsuura Hotel Mikazuki
45,Yanam,IN,79.68,overcast clouds,16.7333,82.2167,The Regency Hotel
46,Mkokotoni,TZ,74.28,broken clouds,-5.8767,39.2547,
48,Batamshinskiy,KZ,69.51,overcast clouds,50.5594,58.2747,
50,Pitsunda,GE,77.18,few clouds,43.1592,40.3378,Hotel FREEDOM
51,Amahai,ID,75.92,broken clouds,-3.3333,128.9167,HOTEL ISABELA
53,Buala,SB,81.9,light rain,-8.145,159.5921,Maringe Lagoon Lodge
54,Faanui,PF,78.64,light rain,-16.4833,-151.75,Bora-Bora Pearl Beach Resort & Spa
55,Deer Lake,CA,72.41,few clouds,49.1667,-57.4316,"Holiday Inn Express Deer Lake, an IHG Hotel"
56,Marsa Matruh,EG,78.67,scattered clouds,31.3525,27.2453,Beau Site
57,Buloh Kasap,MY,75.18,broken clouds,2.5536,102.764,Teratak Ixora Segamat
59,Avarua,CK,77.05,scattered clouds,-21.2078,-159.775,Paradise Inn
60,Yellowknife,CA,64.56,clear sky,62.456,-114.3525,The Explorer Hotel
63,Panzhihua,CN,68.36,overcast clouds,26.5851,101.7128,Electric Power Hotel
64,Nieuw Amsterdam,SR,82.02,light rain,5.8833,-55.0833,Hotel Stardust
65,Bathsheba,BB,84.06,overcast clouds,13.2167,-59.5167,Atlantis Hotel
69,Karratha,AU,68.47,scattered clouds,-20.7377,116.8463,ibis Styles Karratha
71,Makokou,GA,70.65,overcast clouds,0.5738,12.8642,H√¥tel
73,Olinda,BR,78.53,broken clouds,-8.0089,-34.8553,Flat Quatro Rodas Olinda
75,Torbay,CA,76.75,scattered clouds,47.6666,-52.7314,Gallows Cove
76,Poso,ID,74.91,overcast clouds,-1.3959,120.7524,Hotel 77 Poso
77,Margate,GB,69.31,overcast clouds,51.3813,1.3862,Premier Inn Margate hotel
78,Sabang,ID,82.09,light rain,5.8933,95.3214,Hotel Citra
81,Alofi,NU,77.45,clear sky,-19.0595,-169.9187,Taloa Heights
83,Atuona,PF,76.8,clear sky,-9.8,-139.0333,Villa Enata
84,Calatayud,ES,78.3,clear sky,41.3535,-1.6432,Globales Castillo de Ayud
86,Thompson,CA,68.16,broken clouds,55.7435,-97.8558,Burntwood Hotel
88,Ankpa,NG,71.44,light rain,7.3706,7.6253,AA Suites
90,Albany,US,83.03,overcast clouds,42.6001,-73.9662,
91,Fortuna,US,74.93,clear sky,40.5982,-124.1573,Super 8 by Wyndham Fortuna
92,Vanimo,PG,76.69,overcast clouds,-2.6741,141.3028,Vahmoneh Lodge Vanimo
95,Moose Jaw,CA,81.7,few clouds,50.4001,-105.5344,Temple Gardens Hotel & Spa
96,Situbondo,ID,72.01,broken clouds,-7.7062,114.0098,Kost Putri KAMELIA
97,Isangel,VU,74.64,overcast clouds,-19.55,169.2667,Tanna Lodge
99,Sinnamary,GF,81.1,scattered clouds,5.3833,-52.95,ALETHEIA Appartement Sinnamary
103,Bambous Virieux,MU,71.22,broken clouds,-20.3428,57.7575,Casa Tia Villa
106,Ferrol,ES,72.12,clear sky,43.4832,-8.2369,Hotel Spa Sercotel Ode√≥n
108,Mahebourg,MU,71.26,broken clouds,-20.4081,57.7,Shandrani Beachcomber Resort & Spa
110,Semnan,IR,83.55,overcast clouds,35.5729,53.3971,Semnan Tourist Hotel
111,Salinopolis,BR,80.19,moderate rain,-0.6136,-47.3561,Salinas Park Resort Ma√ßarico AP101
118,Guerrero Negro,MX,86.4,clear sky,27.9769,-114.0611,"Casa Laguna, Bed & Breakfast"
119,Jamestown,US,81.01,few clouds,42.097,-79.2353,Hampton Inn & Suites Jamestown
120,Nioro,GM,73.31,heavy intensity rain,13.35,-15.75,
123,Jacareacanga,BR,87.96,overcast clouds,-6.2222,-57.7528,Casa do Ianüòé
124,Salaga,GH,74.91,overcast clouds,8.5508,-0.5188,Bore Nada Guest House
125,Matara,LK,77.31,overcast clouds,5.9485,80.5353,Amaloh Boutique Resort
126,Vila Velha,BR,71.55,overcast clouds,-20.3297,-40.2925,Hotel Vit√≥ria Palace
127,Beloha,MG,65.07,clear sky,-25.1667,45.05,
129,Torbat-E Jam,IR,77.58,clear sky,35.244,60.6225,White building
132,San Cristobal,VE,82.58,broken clouds,7.7669,-72.225,Pirineos
135,Tautira,PF,77.14,scattered clouds,-17.7333,-149.15,Pension Oaoa
138,Ribeira Grande,PT,74.53,few clouds,38.5167,-28.7,Quinta da Meia Eira
139,Bima,ID,71.44,broken clouds,-8.4667,118.7167,Lambitu Hotel
140,Marystown,CA,68.86,clear sky,47.1666,-55.1483,Marystown Hotel & Convention Centre
142,Cockburn Town,TC,85.96,scattered clouds,21.4612,-71.1419,Osprey Beach Hotel
143,Ouadda,CF,67.01,overcast clouds,8.0777,22.4007,
144,North Bend,US,72.91,overcast clouds,43.4065,-124.2243,Red Lion Hotel Coos Bay
145,Naron,ES,72.45,clear sky,43.5167,-8.1528,Marcial
146,Nieuw Nickerie,SR,80.24,broken clouds,5.95,-56.9833,Ishwardat Inn
147,San Pedro,PH,78.35,moderate rain,14.35,121.0167,Palines Apartment and Guesthouse
148,Norman Wells,CA,71.76,clear sky,65.282,-126.8329,Heritage Hotel
149,Akyab,MM,82.94,overcast clouds,20.15,92.9,Hotel Memory
150,Saint-Pierre,RE,67.91,clear sky,-21.3393,55.4781,Alize Plage
151,Cedar Lake,US,84.96,clear sky,41.3648,-87.4411,Cedar Lake Ministries RV Park
153,Lufilufi,WS,82.18,light rain,-13.8745,-171.5986,Leuaina Beach Resort and Spa
157,Nishihara,JP,76.28,moderate rain,26.1842,127.7558,Minshuku Agaihama
160,Abha,SA,64.65,clear sky,18.2164,42.5053,Abha Hotel
161,Arraial Do Cabo,BR,67.86,clear sky,-22.9661,-42.0278,Pousada Porto Praia
162,Chokurdakh,RU,66.79,overcast clouds,70.6333,147.9167,
165,Vung Tau,VN,81.54,overcast clouds,10.346,107.0843,Seaside Resort
166,Frome,GB,67.87,broken clouds,51.2283,-2.3221,Premier Inn Frome hotel
171,Palu,ID,75.49,heavy intensity rain,-0.8917,119.8707,Hotel Santika Palu
172,Georgetown,MY,80.89,scattered clouds,5.4112,100.3354,Cititel Penang
173,Coari,BR,87.6,broken clouds,-4.085,-63.1414,Dellrey Hotel Center
175,Saint-Philippe,RE,66.22,light rain,-21.3585,55.7679,Le four √† pain
180,Ponta Do Sol,PT,75.0,clear sky,32.6667,-17.1,Hotel do Campo
184,Chapada Dos Guimaraes,BR,85.66,clear sky,-15.4606,-55.7497,Pousada Morro Dos Ventos
188,Amarante Do Maranhao,BR,80.28,broken clouds,-5.5667,-46.7422,Hot√©is Ca√ßulinha
189,Balykshi,KZ,77.0,clear sky,47.0667,51.8667,–ì–æ—Å—Ç–∏–Ω–∏—Ü–∞ Golden Rose
194,Santa Cruz,BO,82.45,few clouds,-17.8,-63.1667,Aviador Hotel Boutique
195,Hendek,TR,67.53,clear sky,40.7994,30.7481,Hendek Ogretmenevi
197,Mantua,IT,79.84,clear sky,45.1667,10.7833,Hotel la Favorita
199,Bani Walid,LY,78.98,clear sky,31.7566,13.9942,ŸÖŸÜÿ≤ŸÑ ŸÖŸÅÿ™ÿßÿ≠ ŸÖÿ≠ŸÖÿØ ÿßŸÑÿ≤ŸÑÿ®Ÿä
202,Faya,SA,64.92,broken clouds,18.3851,42.4509,ÿßŸÖŸÑÿßŸÉ ÿÆÿßŸÑÿØ ÿßŸÑÿ¥ÿπÿ¥Ÿàÿπ
205,Ustynivka,UA,73.99,overcast clouds,47.9551,32.5367,
206,Arrifes,PT,68.25,scattered clouds,37.7667,-25.7,Hotel Ponta Delgada
208,Lanigan,CA,71.51,broken clouds,51.8501,-105.0344,Ross Inn
211,Zhezkazgan,KZ,70.29,broken clouds,47.8043,67.7144,Hotel Zumrat
213,Bairiki,KI,78.8,light intensity shower rain,1.3292,172.9752,Tarawa Boutique Hotel
214,Salalah,OM,77.09,broken clouds,17.0151,54.0924,"HAMDAN PLAZA HOTEL SALALAH, an HTG Hotel"
215,Kahului,US,87.82,few clouds,20.8947,-156.47,Maui Seaside Hotel
217,Killam,CA,69.62,overcast clouds,52.7834,-111.8518,Wagon Wheel Motel
221,Quixeramobim,BR,82.72,broken clouds,-5.1992,-39.2928,Hotel Veredas do Sert√£o
222,Poum,NC,70.68,overcast clouds,-20.2333,164.0167,
225,Mabaruma,GY,82.45,few clouds,8.2,-59.7833,Monty Brooms Guest House
227,Hovd,MN,66.94,light rain,48.0056,91.6419,Hotel Khovd
229,Seoul,KR,78.24,moderate rain,37.5683,126.9778,LOTTE HOTEL SEOUL
231,Komsomolskiy,UZ,77.72,overcast clouds,40.4272,71.7189,Ikathouse
232,Hithadhoo,MV,79.63,overcast clouds,-0.6,73.0833,Scoop Guest House
233,Sechura,PE,73.6,few clouds,-5.5569,-80.8222,Hospedaje Costa Bella
236,Melilla,ES,79.45,scattered clouds,35.2937,-2.9383,Hotel Anfora
237,Caravelas,BR,70.21,broken clouds,-17.7125,-39.2481,Pousada dos Navegantes
240,Belaya Gora,RU,68.61,overcast clouds,68.5333,146.4167,
242,Benguela,AO,65.8,clear sky,-12.5763,13.4055,Hotel Praia Morena
243,Dhidhdhoo,MV,77.2,heavy intensity rain,6.8833,73.1,Dhidhoo beach
244,High Rock,BS,87.82,broken clouds,26.6208,-78.2833,Hideaway Bahamas Beach Club
246,Manbij,SY,77.34,clear sky,36.5281,37.9549,Manbej City Hotel
247,Pauini,BR,83.88,overcast clouds,-7.7136,-66.9764,Casa do Kiwliks
249,Karpathos,GR,75.16,clear sky,35.507,27.2132,Alex
250,Grand Gaube,MU,71.38,clear sky,-20.0064,57.6608,Veranda Paul et Virginie Hotel & Spa
251,Garowe,SO,81.84,broken clouds,8.4054,48.4845,Curubo Hotel
252,Salisbury,GB,71.17,broken clouds,51.0693,-1.7957,Mercure Salisbury White Hart Hotel
253,Khash,IR,79.86,light rain,28.2211,61.2158,ÿÆŸàÿßÿ®⁄ØÿßŸá ÿ¢ÿ®ÿ¨€å ŸÖÿ≠ÿØÿ´Ÿá
254,Naze,JP,80.15,overcast clouds,28.3667,129.4833,Shishime Hotel
255,Matagami,CA,73.89,overcast clouds,49.7502,-77.6328,Motel Le Caribou
257,Izumo,JP,79.2,overcast clouds,35.3667,132.7667,Toyoko-Inn Izumoshi ekimae
258,Haizhou,CN,75.11,clear sky,34.5817,119.1289,Shiji Yuan International Hotel
263,Karacabey,TR,75.58,clear sky,40.2152,28.4038,Uludaƒü √úniversitesi Sadƒ±k Yƒ±lmaz √ñƒürenci Yurdu
264,Bethel,US,87.51,few clouds,41.3712,-73.414,Courtyard by Marriott Danbury
265,Veselynove,UA,74.25,overcast clouds,47.3567,31.2349,–û—Ç–µ–ª—å ¬´–ö–æ–ª–æ—Å¬ª
266,Souillac,MU,70.18,broken clouds,-20.5167,57.5167,Shanti Maurice Resort & Spa
267,Tuyen Quang,VN,75.6,broken clouds,21.8233,105.2181,Kh√°ch S·∫°n Tuy√™n Thoa
269,Kloulklubed,PW,73.9,overcast clouds,7.0419,134.2556,Storyboard Beach Resort
270,Meulaboh,ID,76.28,overcast clouds,4.1363,96.1285,Kost Pria
272,Hailin,CN,69.73,broken clouds,44.5833,129.4167,Grand Legend Hotel
274,Mokhsogollokh,RU,64.44,light rain,61.4681,128.9203,
277,Hambantota,LK,78.49,heavy intensity rain,6.1241,81.1185,Bungalow 63
278,Iracoubo,GF,80.94,few clouds,5.4802,-53.2011,Le G√Æte d‚ÄôIracoubo
279,Gunzburg,DE,73.94,overcast clouds,48.45,10.2667,EuroHotel G√ºnzburg
280,Harper,LR,75.43,overcast clouds,4.375,-7.7169,Screensaver
281,Pangai,TO,77.29,scattered clouds,-19.8,-174.35,Ha'apai Beach Resort
283,Kalmunai,LK,78.44,overcast clouds,7.4167,81.8167,VS Villa
285,Vao,NC,69.08,overcast clouds,-22.6667,167.4833,Hotel Kou-Bugny
287,Athabasca,CA,72.68,overcast clouds,54.7169,-113.2854,Athabasca Lodge Motel
289,Nagod,IN,81.45,overcast clouds,24.5667,80.6,Aman kirna stor
291,Liuzhou,CN,78.8,few clouds,24.3126,109.3892,Linjiang Inn
292,Montana,BG,68.58,clear sky,43.4125,23.225,–í–µ—Å—Ç–∞
293,Acapulco,MX,87.62,scattered clouds,16.8634,-99.8901,HS Hotsson Smart Acapulco
294,Gat,IL,79.48,clear sky,31.61,34.7642,OlusHome
299,Saint-Francois,FR,71.04,clear sky,46.4154,3.9054,Manoir Du Bonheur
300,Libreville,GA,76.21,scattered clouds,0.3925,9.4537,Le M√©ridien Re-Ndama
301,Mahibadhoo,MV,78.46,heavy intensity rain,3.7833,72.9667,Omadhoo Inn
302,Lorengau,PG,82.53,overcast clouds,-2.0226,147.2712,Lorengau Harbourside Hotel
305,Gamba,GA,71.06,clear sky,-2.65,10.0,
306,Lazaro Cardenas,MX,86.85,broken clouds,17.9583,-102.2,HOTEL QUINTA ANTIGUA
308,Swan River,CA,69.57,scattered clouds,52.1058,-101.2676,Super 8 by Wyndham Swan River MB
310,Phangnga,TH,82.44,moderate rain,8.4509,98.5298,Sunimit Mansion
314,Mpraeso,GH,67.8,overcast clouds,6.5932,-0.7346,JAYS Lodge
315,Brainerd,US,79.05,overcast clouds,46.358,-94.2008,"Holiday Inn Express & Suites Brainerd-Baxter, an IHG Hotel"
316,Maningrida,AU,66.79,broken clouds,-12.0667,134.2667,Dhukurrdji Lodge
317,Sarakhs,IR,84.18,clear sky,36.5449,61.1577,ŸÖŸáŸÖÿßŸÜ ÿ≥ÿ±ÿß€å ÿ¥ÿ±⁄©ÿ™ ⁄Øÿßÿ≤
321,Bandarbeyla,SO,76.46,broken clouds,9.4942,50.8122,JABIR HOTEL
322,Tocopilla,CL,64.06,few clouds,-22.092,-70.1979,Hotel Galvarino
323,Marzuq,YE,79.05,clear sky,14.4,46.4667,
326,Alta Gracia,AR,71.55,clear sky,-31.6529,-64.4283,Hotel Ritz
327,Saint-Paul,RE,68.36,few clouds,-21.0096,55.2707,Boucan Canot
330,Pacific Grove,US,79.39,clear sky,36.6177,-121.9166,Lovers Point Inn
333,Benghazi,LY,80.8,clear sky,32.1167,20.0667,Tibesti Hotel
334,Vostok,RU,66.24,light rain,46.4856,135.8833,
338,Oranjestad,AW,80.96,scattered clouds,12.524,-70.027,Divi Village Golf & Beach Resort
339,Dryden,CA,70.09,overcast clouds,49.7833,-92.7503,"Holiday Inn Express Dryden, an IHG Hotel"
340,Deputatskiy,RU,64.42,broken clouds,69.3,139.9,Baza Otdykha
342,Praia Da Vitoria,PT,75.76,scattered clouds,38.7333,-27.0667,Hotel Branco I
343,Tahoua,NE,80.01,overcast clouds,14.8888,5.2692,Bungalows Guesthouse
348,Buluang,PH,77.65,overcast clouds,13.3068,123.3425,Sacueza Beach Resort
349,Khandyga,RU,69.26,broken clouds,62.6667,135.6,Apel'sin
352,Half Moon Bay,US,74.91,few clouds,37.4636,-122.4286,"The Ritz-Carlton, Half Moon Bay"
354,Burns Lake,CA,82.92,clear sky,54.2331,-125.7533,Burns Lake Bed and Breakfast
356,San Jose,US,84.88,broken clouds,37.3394,-121.895,The Westin San Jose
357,Port Blair,IN,78.84,mist,11.6667,92.75,"Welcomhotel By ITC Hotels, Bay Island, Port Blair"
358,Sao Filipe,CV,75.78,broken clouds,14.8961,-24.4956,Hotel Xaguate
361,Saint Anthony,US,85.93,broken clouds,45.0205,-93.218,Holiday Inn Express Roseville-St. Paul
365,San Andres,CO,87.82,broken clouds,12.5847,-81.7006,Hotel Arena Blanca
366,Simplicio Mendes,BR,87.82,broken clouds,-7.8539,-41.9103,Fidalgo
368,Bonthe,SL,77.38,overcast clouds,7.5264,-12.505,Bonthe Holiday Village
369,Sulina,RO,69.21,broken clouds,45.1559,29.6536,Hotel Delta Est
371,Upata,VE,76.57,broken clouds,8.0086,-62.3989,Posada Villa Nela
376,Shimoda,JP,82.11,broken clouds,34.6667,138.95,Shimoda Tokyu Hotel
377,Krasnoarmeysk,RU,66.15,broken clouds,51.0239,45.6969,"Hotel ""Your home-Balzer"""
380,Sattahip,TH,82.98,light rain,12.6664,100.9007,Pob Choke Residences ( ‡∏û‡∏ö‡πÇ‡∏ä‡∏Ñ‡πÄ‡∏£‡∏î‡∏ã‡∏¥‡πÄ‡∏î‡πâ‡∏ô‡∏ó‡πå )
382,Piracanjuba,BR,78.39,clear sky,-17.3028,-49.0167,Casas Luci
383,Flin Flon,CA,66.81,broken clouds,54.7682,-101.865,Victoria Inn Flin Flon
384,Khani,GE,65.77,scattered clouds,41.9563,42.9566,·Éô·É£·É†·Éù·É†·É¢·Éò ·Éñ·Éî·Éô·Éê·É†·Éò/Resort Zekari
385,Diphu,IN,73.35,overcast clouds,25.8333,93.4333,Hotel Kamakhya
387,Quelimane,MZ,67.86,clear sky,-17.8786,36.8883,Hotel Flamingo
388,Marsh Harbour,BS,84.47,scattered clouds,26.5412,-77.0636,Abaco Beach Resort
389,Mbigou,GA,65.64,clear sky,-1.9005,11.906,
390,Mahon,ES,79.36,clear sky,39.8885,4.2658,ARTIEM Capri
391,Terra Nova,BR,73.27,few clouds,-12.3667,-40.6667,
393,Tiznit,MA,85.46,scattered clouds,29.5833,-9.5,
394,Bereslavka,RU,70.57,clear sky,48.6254,44.0449,
396,Maragogi,BR,74.23,scattered clouds,-9.0122,-35.2225,Salinas do Maragogi All Inclusive Resort
398,Katras,IN,84.4,overcast clouds,23.8,86.2833,Black cole ground
399,Camacha,PT,67.42,scattered clouds,33.0833,-16.3333,Hotel Porto Santo & Spa
402,Kailua,US,84.18,clear sky,21.4022,-157.7394,Sheffield House Bed & Breakfast
403,Wadi Musa,JO,69.76,clear sky,30.3222,35.4793,Petra Palace Hotel
405,Samarai,PG,79.65,broken clouds,-10.6167,150.6667,Nuli Sapi
406,Inhambane,MZ,67.41,clear sky,-23.865,35.3833,Oceano
408,Santa Isabel,BR,67.71,clear sky,-23.3156,-46.2214,Ch√°cara Sombra do Alt√≠ssimo
409,Kuala Terengganu,MY,78.78,overcast clouds,5.3302,103.1408,Hotel Grand Continental Kuala Terengganu (4 Star)
410,Lasa,IT,65.35,clear sky,46.6166,10.7002,Pension Feldg√§rtenhof
411,Wanning,CN,80.51,clear sky,18.8003,110.3967,Paradise Hotel
413,Loandjili,CG,70.86,clear sky,-4.7561,11.8578,R√©sidence ARCHANGE
415,Puerto Madero,MX,88.0,scattered clouds,14.7208,-92.4215,DEPARTAMENTOS LA ESTANCIA
416,Biak,ID,74.93,overcast clouds,-0.9131,122.8766,Penginapan Kim
417,Yining,CN,75.25,clear sky,29.0361,114.5636,Xiushui Hotel
418,Cap Malheureux,MU,71.47,few clouds,-19.9842,57.6142,Pereybere Hotel & Spa
419,Sioux Lookout,CA,69.67,light rain,50.1001,-91.917,Knobby's Fly-In Camps
420,Nantucket,US,80.74,clear sky,41.2835,-70.0995,Jared Coffin House
421,Iralaya,HN,81.7,broken clouds,15.0,-83.2333,Iglesia morava renovada
423,Los Llanos De Aridane,ES,69.55,overcast clouds,28.6585,-17.9182,Valle Aridane
425,Broome,US,80.46,clear sky,42.2506,-75.833,Chenango Valley State Park
426,Sandakan,MY,75.33,overcast clouds,5.8402,118.1179,Hotel Sandakan
427,Lagoa,PT,72.86,clear sky,39.05,-27.9833,Casa Das Faias
428,Kavaratti,IN,80.8,heavy intensity rain,10.5669,72.642,Green leaf
429,Saurimo,AO,66.97,clear sky,-9.6608,20.3916,Hotel Kawissa Saurimo
430,Palmer,US,84.65,broken clouds,42.1584,-72.3287,Wedgewood Motel
433,Tuntum,BR,76.98,broken clouds,-5.2581,-44.6489,Casa da Dona Maria L√∫cia
434,Matay,EG,86.59,clear sky,28.419,30.7792,Nag Aespen
436,Mahina,PF,82.17,few clouds,-17.5065,-149.489,Guest Beach Bungalow Tahiti
439,Guimar,ES,74.68,scattered clouds,28.3039,-16.4325,Hostal Dona Lolita
440,Changji,CN,74.19,clear sky,44.0167,87.3167,Lvye Holiday Resort
443,Sabla,NG,75.2,broken clouds,12.7525,4.7077,
444,Luanda,AO,67.05,overcast clouds,-8.8368,13.2343,EPIC SANA Luanda
446,Nnewi,NG,72.34,light rain,6.0199,6.9148,Conv-Aj Hotel
447,Hasaki,JP,81.0,overcast clouds,35.7333,140.8333,Inubosaki Kanko Hotel
449,Fuerte Olimpo,PY,87.22,scattered clouds,-21.0415,-57.8738,Hospedaje DAMI
452,Angoche,MZ,71.44,clear sky,-16.2325,39.9086,Guest House HESADA
453,Bonfim,BR,84.65,scattered clouds,3.0833,-59.95,
456,Solnechnyy,RU,66.34,few clouds,50.7214,136.6319,Hotel complex Pastoral
457,Southbridge,US,85.06,broken clouds,42.0751,-72.0334,Southbridge Hotel & Conference Center
460,Conde,BR,76.46,scattered clouds,-7.2597,-34.9075,Pousada Beija Flor
461,Goderich,CA,74.91,clear sky,43.7501,-81.7165,Harmony Inn
462,Manokwari,ID,77.38,broken clouds,-0.8667,134.0833,Swiss Belhotel Manokwari
463,Fort Nelson,CA,70.07,overcast clouds,58.8053,-122.7002,The Fort Nelson Hotel
464,Boliqueime,PT,84.11,clear sky,37.1372,-8.1582,Hotel S√£o Sebasti√£o de Boliqueime
466,Yatou,CN,76.1,light rain,37.15,122.3833,GreenTree Hotel Rongcheng Bus Station
470,Presidencia Roque Saenz Pena,AR,72.12,clear sky,-26.7852,-60.4388,Hotel Gualok
471,Emirdag,TR,70.7,clear sky,39.0197,31.15,Emirdaƒü √ñƒüretmenevi
472,Uruzgan,AF,78.91,few clouds,32.8333,66.0,
474,Adre,TD,75.85,light rain,13.4667,22.2,
475,Fukue,JP,82.6,few clouds,32.6881,128.8419,Goto Guesthouse Utojuku & SA Car Rental
476,Tacuati,PY,74.91,overcast clouds,-23.45,-56.5833,
478,Alyangula,AU,69.55,overcast clouds,-13.8483,136.4192,Groote Eylandt Lodge
479,Tucurui,BR,83.53,light rain,-3.7661,-49.6725,BBB Rooms Centro Tucurui PA
483,Knyaze-Volkonskoye,RU,71.94,few clouds,48.4642,135.4567,Obshchezhitiye
486,Honjo,JP,78.67,scattered clouds,36.2333,139.1833,Hotel Honjo
487,Buchanan,LR,76.08,light rain,5.8808,-10.0467,Kamaneahn Hotel Inc
489,Presidente Epitacio,BR,77.76,clear sky,-21.7633,-52.1156,Hotel Itaver√°
490,Ouallam,NE,84.76,overcast clouds,14.3188,2.0866,
491,Melito Di Porto Salvo,IT,82.74,clear sky,37.9222,15.7714,B&B Nereidi
492,Turayf,SA,86.25,clear sky,31.6725,38.6637,Turaif
493,Cairns,AU,71.55,overcast clouds,-16.9167,145.7667,Mantra Trilogy Cairns
497,Kenai,US,66.02,few clouds,60.5544,-151.2583,Aspen Extended Stay Suites
498,Manadhoo,MV,77.0,light rain,5.7667,73.3833,Bon Abri maldives
499,Aparecida Do Taboado,BR,79.75,clear sky,-20.0867,-51.0936,Aritana
500,Morondava,MG,72.84,clear sky,-20.2833,44.2833,La Case Bambou
503,Kita,ML,77.86,broken clouds,13.0349,-9.4895,H√¥tel Chat Rouge
505,Abbeville,FR,67.5,scattered clouds,50.1,1.8333,H√¥tel Mercure Abbeville Centre - Porte de la Baie de Somme
506,South Lake Tahoe,US,86.25,broken clouds,38.9332,-119.9844,Tahoe Lakeshore Lodge & Spa
508,Huangchuan,CN,76.78,clear sky,32.1272,115.0394,Guangzhou International Hotel
509,Pidhorodne,UA,74.57,broken clouds,48.5753,35.1068,–ö–æ–º—Ñ–æ—Ä—Ç
510,San Ramon,US,74.91,clear sky,37.7799,-121.978,San Ramon Marriott
511,Waupun,US,82.51,few clouds,43.6333,-88.7296,Gateway Inn and Suites
512,Kousseri,CM,81.99,light rain,12.0769,15.0306,Le Pilotis
513,Pangkalanbuun,ID,72.48,light rain,-2.6833,111.6167,Grand Kecubung Hotel
514,Phonhong,LA,74.5,light rain,18.5007,102.4166,Manyvong Guest House
516,Outlook,CA,80.24,scattered clouds,51.5001,-107.0513,Red Wheel Motel
517,Cabra,ES,84.76,clear sky,37.4725,-4.4421,MS Fuente Las Piedras
518,Yarada,IN,80.92,thunderstorm,17.65,83.2667,Yarada Jungle Beach Resorts
519,Saint-Laurent-Du-Var,FR,81.79,clear sky,43.671,7.1761,Pierre et Vacances Heliotel Marine
520,Dong Hoi,VN,79.68,clear sky,17.4833,106.6,Nam Long Hotel
521,Shunyi,CN,76.95,clear sky,40.125,116.6453,Beijing Mingchen Holiday Hotel
522,Bull Savanna,JM,85.87,clear sky,17.8868,-77.5902,Big Red's
523,Gijon,ES,71.06,scattered clouds,43.5357,-5.6615,Hotel Norte
524,Oriximina,BR,78.37,overcast clouds,-1.7656,-55.8661,Pousada Tia Am√©lia
525,Srednekolymsk,RU,69.12,broken clouds,67.45,153.6833,
526,Kieta,PG,79.88,light rain,-6.2167,155.6333,Uruna Bay Retreat
527,Tanabe,JP,79.16,overcast clouds,33.7333,135.3667,ÁæéÂêâÂ±ãÊóÖÈ§®
529,Kavieng,PG,81.66,light rain,-2.5744,150.7967,Nusa Island Retreat
530,Mogadishu,SO,76.1,few clouds,2.0371,45.3438,Hotel Juba
531,Lagos,NG,75.58,overcast clouds,6.5833,3.75,
533,Ranau,MY,69.78,overcast clouds,5.9538,116.6641,The Second Room
534,Atraulia,IN,85.84,overcast clouds,26.3333,82.95,ShivKunj
536,Montepuez,MZ,66.11,broken clouds,-13.1256,38.9997,PembaAparthotel
537,Akbarpur,IN,84.63,overcast clouds,26.4167,82.55,Hotel Aviral Palace
541,Bonavista,CA,67.46,scattered clouds,48.6499,-53.1147,Sweet Sharons bnb
543,Coos Bay,US,72.99,broken clouds,43.3665,-124.2179,Best Western Holiday Hotel
544,Ende,ID,73.02,scattered clouds,-8.8432,121.6623,Dwi Putra Hotel - Ende
546,Sambava,MG,67.39,light rain,-14.2667,50.1667,Melrose
547,Pitimbu,BR,77.59,overcast clouds,-7.4706,-34.8086,Reserva do Abia√≠
548,Mackenzie,CA,77.22,broken clouds,55.2999,-123.1698,Hilton Shop
549,Ranong,TH,79.38,moderate rain,9.9658,98.6348,Numsai Khaosuay Resort Ranong
551,Kutum,SD,69.75,light rain,14.2,24.6667,Dibbo areaŸÖŸÜÿ∑ŸÇÿ© ÿØÿ®Ÿà
552,Bamiantong,CN,71.01,overcast clouds,44.9333,130.5333,Dehuiyuan Leisure Resort
553,Canaries,ES,68.4,few clouds,28.0,-15.5,Villa del Monte
554,Mumford,GH,73.81,overcast clouds,5.2618,-0.759,Spanish Villa
557,Rosetta,EG,78.89,clear sky,31.4044,30.4164,Green Valley
558,Mankera,PK,82.53,overcast clouds,31.3866,71.4407,Haider Wood Supplier
559,Ginda,IN,64.98,overcast clouds,30.6945,78.4932,Sunil Bisht
561,Tamluk,IN,84.92,overcast clouds,22.3,87.9167,Green Valley Resort
562,Manitouwadge,CA,72.93,broken clouds,49.1215,-85.8403,Select Inn
563,Bardiyah,LY,78.17,clear sky,31.7561,25.0865,ÿ®Ÿàÿ±ÿ™Ÿà ÿ®ÿ±ÿØŸäÿ©
564,Zyryanka,RU,67.39,scattered clouds,65.75,150.85,
567,Bubaque,GW,79.72,overcast clouds,11.2833,-15.8333,"Casa Dora, Bubaque"
568,Biltine,TD,81.66,light rain,14.5333,20.9167,H√¥tel Trois √âtoiles de Biltine
569,High Level,CA,69.91,scattered clouds,58.5169,-117.136,Days Inn by Wyndham High Level
570,Nara,JP,82.49,overcast clouds,34.6851,135.8049,Guesthouse Nara Komachi
571,Urbana,US,86.09,scattered clouds,40.1106,-88.2073,Hilton Garden Inn Champaign/ Urbana
572,Marsabit,KE,67.37,broken clouds,2.3284,37.9899,Chicho Hotel
573,Sangueya,GN,74.88,overcast clouds,10.7,-14.3667,
575,Santa Cruz Cabralia,BR,71.83,broken clouds,-16.2781,-39.0247,Puerto Princesa Inn
578,Inuvik,CA,64.98,overcast clouds,68.3499,-133.7218,Nova Inn Inuvik
579,Innisfail,AU,67.69,overcast clouds,-17.5333,146.0333,Moondarra Motel
580,Kismayo,SO,75.72,clear sky,-0.3582,42.5454,Agan-Hotel
581,Wanlaweyn,SO,74.59,few clouds,2.6185,44.8938,GAASHAAN HOME
582,Silver City,US,87.76,clear sky,32.7701,-108.2803,Copper Manor Motel
583,Masyaf,SY,69.85,clear sky,35.0653,36.3406,ÿ¥ÿßÿ∑ÿ¶ ŸÖÿßŸäŸà
586,Alibag,IN,84.27,broken clouds,18.6411,72.8792,"Radisson Blu Resort & Spa - Alibaug, India"
587,Dymer,UA,72.95,scattered clouds,50.7865,30.3026,Express Hostel
588,Nyimba,ZM,65.55,clear sky,-14.5566,30.8149,Dali Dali Lodge
589,Apatou,GF,77.58,overcast clouds,5.155,-54.3472,Yoto quensha
590,Hobyo,SO,75.81,clear sky,5.3505,48.5268,Iftin hotel hobyo
592,Ekibastuz,KZ,64.08,overcast clouds,51.6667,75.3667,
594,San Policarpo,PH,80.47,overcast clouds,12.1791,125.5072,Agapita M. Nicart
597,Caranavi,BO,76.39,scattered clouds,-15.8167,-67.55,Hotel LANDIVAR
598,Mangan,IN,76.21,overcast clouds,27.5167,88.5333,Hotel Mout View
600,Cedar Rapids,US,85.21,scattered clouds,42.0083,-91.6441,DoubleTree by Hilton Hotel Cedar Rapids Convention Complex
601,Baisha,CN,74.7,clear sky,26.5222,110.9311,Xiangcun Old Place Hotel
602,Port Hardy,CA,66.38,broken clouds,50.6996,-127.4199,Airport Inn-Port Hardy
604,Lapeer,US,86.95,scattered clouds,43.0514,-83.3188,"Holiday Inn Express Lapeer, an IHG Hotel"
606,Monte Alegre De Minas,BR,76.73,clear sky,-18.8706,-48.8808,Hotel Via Hotel
610,Cayenne,GF,86.04,scattered clouds,4.9333,-52.3333,H√¥tel Le Dronmi
611,Nicoya,CR,86.9,overcast clouds,10.1483,-85.452,Las Cabinas Del Sue√±o
613,Lowestoft,GB,64.65,broken clouds,52.4752,1.7516,Premier Inn Lowestoft hotel
615,Huarmey,PE,66.33,few clouds,-10.0681,-78.1522,Hotel Miramar
616,Jalpan,MX,82.53,broken clouds,21.2333,-99.4833,Hotel Mision Jalpan
618,Birao,CF,72.37,overcast clouds,10.2849,22.7882,
621,Jawhar,SO,73.99,clear sky,2.7809,45.5005,Hotel Shabelle
622,Haines Junction,CA,65.43,overcast clouds,60.7522,-137.5108,Parkside Inn
623,Labuan,MY,77.36,few clouds,5.2767,115.2417,Tiara Labuan Hotel
624,Oxford,GB,73.18,scattered clouds,51.7522,-1.256,Malmaison Oxford
625,Hun,LY,85.68,clear sky,29.1268,15.9477,Alrwasi Hotel
627,Patiya,BD,77.7,light rain,22.2931,91.9762,Sorry
629,Kiunga,PG,73.24,overcast clouds,-6.1219,141.2906,Airport Lodge Kiunga
631,Bara,NG,75.36,overcast clouds,10.3744,10.7288,
632,Pokhara,NP,72.43,light rain,28.2333,83.9833,OYO 170 Hotel View Point
634,Abu Samrah,SY,78.01,clear sky,35.3029,37.1841,
635,Mitu,CO,80.28,scattered clouds,1.1983,-70.1733,
636,Catamarca,AR,72.77,clear sky,-28.4696,-65.7852,Amerian Catamarca Park Hotel
637,Garlasco,IT,82.33,clear sky,45.1974,8.9238,I Diamanti Hotel
638,Palma Campania,IT,82.69,clear sky,40.8649,14.5487,The Hotel Orange Garden
639,Itaituba,BR,87.96,few clouds,-4.2761,-55.9836,Hotel Campos
640,Maceio,BR,78.24,few clouds,-9.6658,-35.7353,Hotel Ponta Verde Macei√≥
641,Kaputa,ZM,71.58,clear sky,-8.4689,29.6619,Chelelwa Charlets
643,New Glasgow,CA,74.98,clear sky,45.5834,-62.6486,"Holiday Inn Express Stellarton-New Glasgow, an IHG Hotel"
644,Atambua,ID,69.87,broken clouds,-9.1061,124.8925,Kost Alfa Flat
645,Wajima,JP,82.38,overcast clouds,37.4,136.9,Wajiima Onsen Yashio
648,Sola,VU,79.45,broken clouds,-13.8833,167.55,Leumerus Bungalows
650,Kamenka,RU,66.83,broken clouds,51.3223,42.7678,
652,Carnduff,CA,72.37,scattered clouds,49.1667,-101.8009,Western Star All Suites Hotel Carnduff
653,Sabha,LY,87.19,clear sky,27.0377,14.4283,ŸÖÿ≠ÿ∑ÿ© ÿßŸÖ ÿßŸÑÿßÿ±ÿßŸÜÿ® -ÿ≥ÿ®Ÿáÿß ŸÖŸàÿßÿµŸÑÿßÿ™
656,Dano,BF,78.21,light rain,11.15,-3.0667,Auberge Phenix32-Dano
657,Gazipur,BD,82.36,haze,23.9981,90.423,Murshida & Zakir's Nest
658,Khoy,IR,77.85,broken clouds,38.5504,44.9535,ÿ™ÿ±⁄© ÿ≥ŸÑ
659,Awjilah,LY,82.9,clear sky,29.1081,21.2869,ÿßŸÑŸÖŸÜÿ≤ŸÑ
660,Talalayivka,UA,64.56,broken clouds,50.9578,31.9209,–ü—Ä–æ–¥—É–∫—Ç–∏ –£ –ö—Ä–∏–º—Å—å–∫–æ–≥–æ
661,Sur,OM,86.99,scattered clouds,22.5667,59.5289,Sur Plaza Hotel
665,Dwarka,IN,80.4,broken clouds,22.2394,68.9678,Hotel Narayan Avezika Comfort
669,Nueva Gerona,CU,86.36,clear sky,21.8833,-82.8,Casa de la Alegria
670,Ibra,OM,83.93,broken clouds,22.6906,58.5334,ŸÖÿ≤ÿ±ÿπÿ© ÿ±ÿßÿ≠ÿ© ÿßŸÑŸÜŸÅŸàÿ≥ ÿßŸÑŸÖŸÜÿ≤ŸÅÿ©
671,Daru,PG,76.3,scattered clouds,-9.0763,143.2092,Daru Lodge
672,Omis,HR,78.73,clear sky,43.4447,16.6886,Hotel Villa Dvor
674,Ushtobe,KZ,67.69,few clouds,45.2514,77.9838,"Gostinitsa ""Diyar"""
676,Camapua,BR,81.16,clear sky,-19.5314,-54.0439,Comercial Estrela
677,Chernyshkovskiy,RU,74.57,clear sky,48.4219,42.2308,"The hotel ""Eugenia"""
678,Kontagora,NG,72.81,overcast clouds,10.3999,5.4695,Queens Guest Inn
